paper_id,title,first_author,year,venue,doi,arxiv_id,semantic_scholar_id,source_graph,publication_status,visual_SOT_relevance,has_official_code,official_code_url,primary_paper_url,solution_families,dedup_basis,raw_record_ids,metadata_audit_tier,metadata_source_url,evidence_source,notes
P001,Adaptive Target-Oriented Tracking,Sixian Chan,2025,ACM Transactions on Intelligent Systems and Technology,10.1145/3732785,UNKNOWN,a52391650c1359bc3b605d5821c35feced1f6ca7,BOTH,peer-reviewed journal,SUPPORTING,UNKNOWN,UNKNOWN,https://doi.org/10.1145/3732785,Relation / cross-attention modeling,doi; semantic_scholar_id; normalized_title,FARTrack:12:a52391650c1359bc3b605d5821c35feced1f6ca7; SpikeTrack:15:a52391650c1359bc3b605d5821c35feced1f6ca7,METADATA_CANONICALIZED,https://doi.org/10.1145/3732785,E01;E02;E27,Canonical metadata audit tier: METADATA_CANONICALIZED.
P002,Adaptively Bypassing Vision Transformer Blocks for Efficient Visual Tracking,Xiangyang Yang,2025,"Pattern Recognition 161, article 111278",10.1016/j.patcog.2024.111278,2406.08037,ecd9598308161557d6ac35b3e4d32770489e811d,FARTrack,peer-reviewed journal,SUPPORTING,YES,https://github.com/xyyang317/ABTrack,https://doi.org/10.1016/j.patcog.2024.111278,Pruning,UNIQUE,FARTrack:17:ecd9598308161557d6ac35b3e4d32770489e811d,METADATA_CANONICALIZED,https://doi.org/10.1016/j.patcog.2024.111278,E01;E27,Canonical metadata audit tier: METADATA_CANONICALIZED.
P003,AdaptTrack: Perception field adaptation with contrastive attention for robust visual tracking,Yongjun Wang,2026,Knowledge-Based Systems,10.1016/j.knosys.2026.115369,UNKNOWN,f568c0a18c2e4204ba9d8f6fadab822465c15288,FARTrack,peer-reviewed journal,SUPPORTING,UNKNOWN,UNKNOWN,https://doi.org/10.1016/j.knosys.2026.115369,Robustness / distractor handling; Training / loss redesign,UNIQUE,FARTrack:03:f568c0a18c2e4204ba9d8f6fadab822465c15288,METADATA_CANONICALIZED,https://doi.org/10.1016/j.knosys.2026.115369,E01;E27,Canonical metadata audit tier: METADATA_CANONICALIZED.
P004,Autoregressive Queries for Adaptive Tracking with Spatio-Temporal Transformers,Jinxia Xie,2024,2024 IEEE/CVF Conference on Computer Vision and Pattern Recognition (CVPR),10.1109/cvpr52733.2024.01826,2403.10574,7630becb87f57c985a74da709612bd624f8a3922,SpikeTrack,peer-reviewed conference,SUPPORTING,YES,https://github.com/orgs/GXNU-ZhongLab,https://doi.org/10.1109/cvpr52733.2024.01826,Autoregressive / sequence modeling; Robustness / distractor handling,UNIQUE,SpikeTrack:20:7630becb87f57c985a74da709612bd624f8a3922,METADATA_CANONICALIZED,https://doi.org/10.1109/cvpr52733.2024.01826,E02;E27,Canonical metadata audit tier: METADATA_CANONICALIZED.
P005,Autoregressive Sequential Pretraining for Visual Tracking,Shiyi Liang,2025,2025 IEEE/CVF Conference on Computer Vision and Pattern Recognition (CVPR),10.1109/cvpr52734.2025.00680,UNKNOWN,2a7fd569e1c203f3ad25fcd1d8412b2efb3bbe6e,FARTrack,peer-reviewed conference,SUPPORTING,NO,UNKNOWN,https://doi.org/10.1109/cvpr52734.2025.00680,Autoregressive / sequence modeling; Dynamic / conditional computation; Motion modeling,UNIQUE,FARTrack:36:2a7fd569e1c203f3ad25fcd1d8412b2efb3bbe6e,PRIMARY_VERIFIED_HIGH_RELEVANCE,https://doi.org/10.1109/cvpr52734.2025.00680,E01;E27,Canonical metadata audit tier: PRIMARY_VERIFIED_HIGH_RELEVANCE. The official project page states that code will be released; no implementation was located.
P006,AViTMP: A Tracking-Specific Transformer for Single-Branch Visual Tracking,Chuanming Tang,2025,IEEE Transactions on Intelligent Vehicles,10.1109/tiv.2024.3422806,2310.19542,b31fe688ec863bb17361d55d864495104ee928f5,SpikeTrack,peer-reviewed journal,SUPPORTING,UNKNOWN,UNKNOWN,https://doi.org/10.1109/tiv.2024.3422806,Robustness / distractor handling; Target-aware representation,UNIQUE,SpikeTrack:07:b31fe688ec863bb17361d55d864495104ee928f5,METADATA_CANONICALIZED,https://doi.org/10.1109/tiv.2024.3422806,E02;E27,Canonical metadata audit tier: METADATA_CANONICALIZED.
P007,CasCenter: A Cascaded Center Network for Visual Tracking,Qun Li,2025,IEEE Transactions on Consumer Electronics,10.1109/tce.2025.3547962,UNKNOWN,b3188ac5b80cf03227bdbcdcc437889e8f1e7816,FARTrack,peer-reviewed journal,SUPPORTING,UNKNOWN,UNKNOWN,https://doi.org/10.1109/tce.2025.3547962,Low-resolution / adaptive-resolution processing; Relation / cross-attention modeling; Robustness / distractor handling,UNIQUE,FARTrack:39:b3188ac5b80cf03227bdbcdcc437889e8f1e7816,METADATA_CANONICALIZED,https://doi.org/10.1109/tce.2025.3547962,E01;E27,Canonical metadata audit tier: METADATA_CANONICALIZED.
P008,CATrack: Combining Convolutional and Attentional Methods for Visual Object Tracking,Qingyang Lu,2023,AINIT 2023,10.1109/ainit59027.2023.10212501,UNKNOWN,31489a96756f0030d727e8d3c60b7e79bf186ca4,SpikeTrack,peer-reviewed conference,SUPPORTING,UNKNOWN,UNKNOWN,https://doi.org/10.1109/ainit59027.2023.10212501,UNKNOWN,UNIQUE,SpikeTrack:06:31489a96756f0030d727e8d3c60b7e79bf186ca4,METADATA_CANONICALIZED,https://doi.org/10.1109/ainit59027.2023.10212501,E02;E27,Canonical metadata audit tier: METADATA_CANONICALIZED.
P009,CausTrack: Visual tracking via structural causality and deconfounded feature learning,Yongjun Wang,2026,Neurocomputing,10.1016/j.neucom.2025.132340,UNKNOWN,621ce5f861b47f368da67982fbb8e2211afc1d3d,FARTrack,peer-reviewed journal,SUPPORTING,UNKNOWN,UNKNOWN,https://doi.org/10.1016/j.neucom.2025.132340,UNKNOWN,UNIQUE,FARTrack:26:621ce5f861b47f368da67982fbb8e2211afc1d3d,METADATA_CANONICALIZED,https://doi.org/10.1016/j.neucom.2025.132340,E01;E27,Canonical metadata audit tier: METADATA_CANONICALIZED.
P010,CiteTracker: Correlating Image and Text for Visual Tracking,Xin Li,2023,2023 IEEE/CVF International Conference on Computer Vision (ICCV),10.1109/iccv51070.2023.00915,2308.11322,fcf804ee3f5ce603290e919c91010be5c77b1c0d,SpikeTrack,peer-reviewed conference,SUPPORTING,YES,https://github.com/NorahGreen/CiteTracker,https://doi.org/10.1109/iccv51070.2023.00915,Dynamic / conditional computation,UNIQUE,SpikeTrack:11:fcf804ee3f5ce603290e919c91010be5c77b1c0d,METADATA_CANONICALIZED,https://doi.org/10.1109/iccv51070.2023.00915,E02;E27,Canonical metadata audit tier: METADATA_CANONICALIZED.
P011,CLDTracker: A Comprehensive Language Description for Visual Tracking,Mohamad Alansari,2025,Information Fusion,10.1016/j.inffus.2025.103374,2505.23704,ff612e77c57789c945e9b339f4df001407ef1138,FARTrack,peer-reviewed journal,SUPPORTING,YES,https://github.com/HamadYA/CLDTracker,https://doi.org/10.1016/j.inffus.2025.103374,Dynamic / conditional computation; Robustness / distractor handling,UNIQUE,FARTrack:25:ff612e77c57789c945e9b339f4df001407ef1138,METADATA_CANONICALIZED,https://doi.org/10.1016/j.inffus.2025.103374,E01;E27,Canonical metadata audit tier: METADATA_CANONICALIZED.
P012,Context-Aware Token Pruning and Discriminative Selective Attention for Transformer Tracking,J. Kugarajeevan,2026,Journal of Visual Communication and Image Representation,10.1016/j.jvcir.2026.104884,2511.19928,cb85d94fad7e70a7091b975a74978bb0f1e23589,SpikeTrack,peer-reviewed journal,SUPPORTING,YES,https://github.com/JananiKugaa/CPDATrack,https://doi.org/10.1016/j.jvcir.2026.104884,Pruning; Robustness / distractor handling,UNIQUE,SpikeTrack:23:cb85d94fad7e70a7091b975a74978bb0f1e23589,PRIMARY_VERIFIED_HIGH_RELEVANCE,https://doi.org/10.1016/j.jvcir.2026.104884,E02;E27,Canonical metadata audit tier: PRIMARY_VERIFIED_HIGH_RELEVANCE.
P013,Correlation-Embedded Transformer Tracking: A Single-Branch Framework,Fei Xie,2024,IEEE Transactions on Pattern Analysis and Machine Intelligence,10.1109/tpami.2024.3448254,2401.12743,388169392a75d2d5581712c892a63f3877d3e91d,BOTH,peer-reviewed journal,SUPPORTING,UNKNOWN,UNKNOWN,https://doi.org/10.1109/tpami.2024.3448254,Asymmetric template-search architecture; Block / layer reduction; Relation / cross-attention modeling; Robustness / distractor handling; Target-aware representation,doi; arxiv_id; semantic_scholar_id; normalized_title,FARTrack:11:388169392a75d2d5581712c892a63f3877d3e91d; SpikeTrack:14:388169392a75d2d5581712c892a63f3877d3e91d,METADATA_CANONICALIZED,https://doi.org/10.1109/tpami.2024.3448254,E01;E02;E27,Canonical metadata audit tier: METADATA_CANONICALIZED.
P014,CSCL: Bridging the plasticity-stability gap in continuous supervised contrastive learning,Yi Xiong,2026,Neural Networks,10.1016/j.neunet.2025.108179,UNKNOWN,9f5a7dec1b4107581ef76d7e43d36efa0480f622,FARTrack,peer-reviewed journal,OUT_OF_SCOPE,UNKNOWN,UNKNOWN,https://doi.org/10.1016/j.neunet.2025.108179,Training / loss redesign,UNIQUE,FARTrack:35:9f5a7dec1b4107581ef76d7e43d36efa0480f622,METADATA_CANONICALIZED,https://doi.org/10.1016/j.neunet.2025.108179,E01;E27,Canonical metadata audit tier: METADATA_CANONICALIZED.
P015,DATrack: direction attention based transformer tracker,Jinfen Liu,2025,Applied Intelligence,10.1007/s10489-025-06791-w,UNKNOWN,5ade81072cafc3a22d45bde8720cd246a60f3d00,SpikeTrack,peer-reviewed journal,SUPPORTING,UNKNOWN,UNKNOWN,https://doi.org/10.1007/s10489-025-06791-w,Motion modeling,UNIQUE,SpikeTrack:33:5ade81072cafc3a22d45bde8720cd246a60f3d00,METADATA_CANONICALIZED,https://doi.org/10.1007/s10489-025-06791-w,E02;E27,Canonical metadata audit tier: METADATA_CANONICALIZED.
P016,DeTrack: In-model Latent Denoising Learning for Visual Object Tracking,Xinyu Zhou,2024,NeurIPS 2024,10.52202/079017-2875,2501.02467,501e724ef2b3dbeda50bca624a6f5b48996e9290,FARTrack,peer-reviewed conference,SUPPORTING,UNKNOWN,UNKNOWN,https://proceedings.neurips.cc/paper_files/paper/2024/hash/a4c680b456b9750003c8a494a5b165dc-Abstract-Conference.html,Autoregressive / sequence modeling; Motion modeling; Robustness / distractor handling,UNIQUE,FARTrack:13:501e724ef2b3dbeda50bca624a6f5b48996e9290,METADATA_CANONICALIZED,https://proceedings.neurips.cc/paper_files/paper/2024/hash/a4c680b456b9750003c8a494a5b165dc-Abstract-Conference.html,E01;E27,Canonical metadata audit tier: METADATA_CANONICALIZED.
P017,Discriminative Pruning Networks for Visual Tracking with Adaptive Foreground Prediction,Zheng Wang,2025,2025 International Joint Conference on Neural Networks (IJCNN),10.1109/ijcnn64981.2025.11227771,UNKNOWN,1ef2a00358ead2c9ca6ca5e3e7ee023a1bbd437c,SpikeTrack,peer-reviewed conference,SUPPORTING,UNKNOWN,UNKNOWN,https://doi.org/10.1109/ijcnn64981.2025.11227771,Dynamic / conditional computation; Pruning; Robustness / distractor handling; Token / feature / spatial sparsification,UNIQUE,SpikeTrack:26:1ef2a00358ead2c9ca6ca5e3e7ee023a1bbd437c,METADATA_CANONICALIZED,https://doi.org/10.1109/ijcnn64981.2025.11227771,E02;E27,Canonical metadata audit tier: METADATA_CANONICALIZED.
P018,Efficient and Accurate Low-Resolution Transformer Tracking,Shaohua Dong,2025,2025 IEEE/RSJ International Conference on Intelligent Robots and Systems (IROS),10.1109/iros60139.2025.11247730,2405.17660,d08d4172a380b917781cafe11a9060f4eec89138;5cf588279fa2afc972956ba4c92c227694baa561,BOTH,peer-reviewed conference,SUPPORTING,YES,https://github.com/ShaohuaDong2021/LoReTrack,https://doi.org/10.1109/iros60139.2025.11247730,Low-resolution / adaptive-resolution processing; Model compression / distillation; Robustness / distractor handling; Target-aware representation; Training / loss redesign,manual preprint-to-proceedings verification,FARTrack:34:d08d4172a380b917781cafe11a9060f4eec89138; FARTrack:28:5cf588279fa2afc972956ba4c92c227694baa561; SpikeTrack:08:5cf588279fa2afc972956ba4c92c227694baa561,METADATA_CANONICALIZED,https://doi.org/10.1109/iros60139.2025.11247730,E01;E02;E27,Manually merged arXiv:2405.17660 and IROS 2025 versions; both strong IDs retained. Canonical metadata audit tier: METADATA_CANONICALIZED.
P019,Efficient Training for Visual Tracking with Deformable Transformer,Qingmao Wei,2023,ArXiv,10.48550/arxiv.2309.02676,2309.02676,319c5d37246c68d0ef970ca07fc3650235fd36a1,SpikeTrack,arXiv/preprint only,SUPPORTING,UNKNOWN,UNKNOWN,https://doi.org/10.48550/arxiv.2309.02676,Token / feature / spatial sparsification,UNIQUE,SpikeTrack:10:319c5d37246c68d0ef970ca07fc3650235fd36a1,ARXIV_ONLY_VERIFIED,https://doi.org/10.48550/arxiv.2309.02676,E02;E27,Canonical metadata audit tier: ARXIV_ONLY_VERIFIED.
P020,Enhancing the Two-Stream Framework for Efficient Visual Tracking,Chengao Zong,2025,IEEE Transactions on Image Processing,10.1109/tip.2025.3598934,UNKNOWN,69ac01ebd31a3a2945d1023803f712938a64b3d9,FARTrack,peer-reviewed journal,SUPPORTING,UNKNOWN,UNKNOWN,https://doi.org/10.1109/tip.2025.3598934,Asymmetric template-search architecture; Lightweight backbone design; Relation / cross-attention modeling,UNIQUE,FARTrack:33:69ac01ebd31a3a2945d1023803f712938a64b3d9,METADATA_CANONICALIZED,https://doi.org/10.1109/tip.2025.3598934,E01;E27,Canonical metadata audit tier: METADATA_CANONICALIZED.
P021,EnTeR-Track: Efficient UAV tracking via entropy-guided pruning and reversible token recovery,Jiayao Zheng,2026,Neurocomputing,10.1016/j.neucom.2026.134151,UNKNOWN,8b9eda3f6100ee17185b0872d50b8762d607a740,FARTrack,peer-reviewed journal,SUPPORTING,UNKNOWN,UNKNOWN,https://doi.org/10.1016/j.neucom.2026.134151,Pruning,UNIQUE,FARTrack:06:8b9eda3f6100ee17185b0872d50b8762d607a740,METADATA_CANONICALIZED,https://doi.org/10.1016/j.neucom.2026.134151,E01;E27,Canonical metadata audit tier: METADATA_CANONICALIZED.
P022,Exploiting Lightweight Hierarchical ViT and Dynamic Framework for Efficient Visual Tracking,Ben Kang,2025,International Journal of Computer Vision,10.1007/s11263-025-02500-9,2506.20381,5a68d08b3a498f404b531c65743edbb5903f4456,FARTrack,peer-reviewed journal,SUPPORTING,YES,https://github.com/kangben258/HiT,https://doi.org/10.1007/s11263-025-02500-9,Dynamic / conditional computation; Lightweight backbone design,UNIQUE,FARTrack:41:5a68d08b3a498f404b531c65743edbb5903f4456,METADATA_CANONICALIZED,https://doi.org/10.1007/s11263-025-02500-9,E01;E27,Canonical metadata audit tier: METADATA_CANONICALIZED.
P023,Exploring Dynamic Transformer for Efficient Object Tracking,Jiawen Zhu,2025,IEEE Transactions on Neural Networks and Learning Systems,10.1109/tnnls.2025.3545752,2403.17651,a1f6a0471c0c73a7d6bf3dc3d31e9d3775ab26ee,BOTH,peer-reviewed journal,SUPPORTING,UNKNOWN,UNKNOWN,https://doi.org/10.1109/tnnls.2025.3545752,Dynamic / conditional computation; Lightweight backbone design; Model compression / distillation; Target-aware representation; Template computation reuse; Training / loss redesign,doi; arxiv_id; semantic_scholar_id; normalized_title,FARTrack:27:a1f6a0471c0c73a7d6bf3dc3d31e9d3775ab26ee; SpikeTrack:05:a1f6a0471c0c73a7d6bf3dc3d31e9d3775ab26ee,PRIMARY_VERIFIED_HIGH_RELEVANCE,https://doi.org/10.1109/tnnls.2025.3545752,E01;E02;E27,Canonical metadata audit tier: PRIMARY_VERIFIED_HIGH_RELEVANCE.
P024,Exploring Efficient and Effective Sequence Learning for Visual Object Tracking,Dongdong Li,2025,Proceedings of the Thirty-Fourth International Joint Conference on Artificial Intelligence,10.24963/ijcai.2025/153,UNKNOWN,7894f95caefadbd03375d4f5b237518226c83f37,BOTH,peer-reviewed conference,SUPPORTING,NO,UNKNOWN,https://doi.org/10.24963/ijcai.2025/153,Autoregressive / sequence modeling; Dynamic / conditional computation,doi; semantic_scholar_id; normalized_title,FARTrack:23:7894f95caefadbd03375d4f5b237518226c83f37; SpikeTrack:04:7894f95caefadbd03375d4f5b237518226c83f37,PRIMARY_VERIFIED_HIGH_RELEVANCE,https://doi.org/10.24963/ijcai.2025/153,E01;E02;E27,Canonical metadata audit tier: PRIMARY_VERIFIED_HIGH_RELEVANCE. An author-designated repository was checked but contains no FastSeqTrack implementation.
P025,Exploring Enhanced Contextual Information for Video-Level Object Tracking,Ben Kang,2025,AAAI 2025,10.1609/aaai.v39i4.32440,2412.11023,7d642fe91a30be1d27b2440d0c2eff8d3fabd7f2,FARTrack,peer-reviewed conference,SUPPORTING,YES,https://github.com/kangben258/MCITrack,https://ojs.aaai.org/index.php/AAAI/article/view/32440,Relation / cross-attention modeling; Robustness / distractor handling; Temporal context / video-level memory,UNIQUE,FARTrack:04:7d642fe91a30be1d27b2440d0c2eff8d3fabd7f2,PRIMARY_VERIFIED_HIGH_RELEVANCE,https://ojs.aaai.org/index.php/AAAI/article/view/32440,E01;E27,Canonical metadata audit tier: PRIMARY_VERIFIED_HIGH_RELEVANCE.
P026,Exploring Lightweight Hierarchical Vision Transformers for Efficient Visual Tracking,Ben Kang,2023,2023 IEEE/CVF International Conference on Computer Vision (ICCV),10.1109/iccv51070.2023.00881,2308.06904,7b55c22d062bd52e1cce5044f5e3a97b80f729ea,BOTH,peer-reviewed conference,SUPPORTING,YES,https://github.com/kangben258/HiT,https://doi.org/10.1109/iccv51070.2023.00881,Block / layer reduction; Lightweight backbone design,doi; arxiv_id; semantic_scholar_id; normalized_title,FARTrack:16:7b55c22d062bd52e1cce5044f5e3a97b80f729ea; SpikeTrack:25:7b55c22d062bd52e1cce5044f5e3a97b80f729ea,PRIMARY_VERIFIED_HIGH_RELEVANCE,https://doi.org/10.1109/iccv51070.2023.00881,E01;E02;E27,Canonical metadata audit tier: PRIMARY_VERIFIED_HIGH_RELEVANCE.
P027,Exploring Pruning-Based Efficient Object Tracking via Hybrid Knowledge Distillation,Yidong Song,2026,IEEE Transactions on Circuits and Systems for Video Technology,10.1109/tcsvt.2025.3609410,UNKNOWN,8e0e609ca33109a471e3e14b30763715c7f08908,FARTrack,peer-reviewed journal,SUPPORTING,UNKNOWN,UNKNOWN,https://doi.org/10.1109/tcsvt.2025.3609410,Model compression / distillation; Pruning; Training / loss redesign,UNIQUE,FARTrack:40:8e0e609ca33109a471e3e14b30763715c7f08908,METADATA_CANONICALIZED,https://doi.org/10.1109/tcsvt.2025.3609410,E01;E27,Canonical metadata audit tier: METADATA_CANONICALIZED.
P028,FARTrack: Fast Autoregressive Visual Tracking with High Performance,Guijie Wang,2026,ICLR 2026,UNKNOWN,2602.03214,69f38c9531cbdf1d8e12bd6a934c86631615db75,FARTrack,peer-reviewed conference,PRIMARY,YES,https://github.com/MIV-XJTU/FARTrack,https://openreview.net/forum?id=lq7Zfr8kAS,Autoregressive / sequence modeling; Block / layer reduction; Lightweight backbone design; Model compression / distillation; Motion modeling; Temporal context / video-level memory; Token / feature / spatial sparsification; Training / loss redesign,UNIQUE,FARTrack:01:69f38c9531cbdf1d8e12bd6a934c86631615db75,PRIMARY_VERIFIED_HIGH_RELEVANCE,https://openreview.net/forum?id=lq7Zfr8kAS,E01;E27,Canonical metadata audit tier: PRIMARY_VERIFIED_HIGH_RELEVANCE.
P029,FETrack: One-stream framework-based feature enhancement for object tracking,Yue Chen,2026,Digital Signal Processing,10.1016/j.dsp.2026.105935,UNKNOWN,c54e5e0c573e2f40f9a253a102b2282dc5d6e96a,FARTrack,peer-reviewed journal,SUPPORTING,UNKNOWN,UNKNOWN,https://doi.org/10.1016/j.dsp.2026.105935,UNKNOWN,UNIQUE,FARTrack:32:c54e5e0c573e2f40f9a253a102b2282dc5d6e96a,METADATA_CANONICALIZED,https://doi.org/10.1016/j.dsp.2026.105935,E01;E27,Canonical metadata audit tier: METADATA_CANONICALIZED.
P030,Fine-grained visual tracking via distribution-aware mask modeling and temporal propagation,Xin Zhou,2025,Knowledge-Based Systems,10.1016/j.knosys.2025.114208,UNKNOWN,20dd5912ddc3e951e866c1f019ea47a1effe2e5f,FARTrack,peer-reviewed journal,SUPPORTING,UNKNOWN,UNKNOWN,https://doi.org/10.1016/j.knosys.2025.114208,UNKNOWN,UNIQUE,FARTrack:05:20dd5912ddc3e951e866c1f019ea47a1effe2e5f,METADATA_CANONICALIZED,https://doi.org/10.1016/j.knosys.2025.114208,E01;E27,Canonical metadata audit tier: METADATA_CANONICALIZED.
P031,Foreground-Background Distribution Modeling Transformer for Visual Object Tracking,Da-Ming Yang,2023,2023 IEEE/CVF International Conference on Computer Vision (ICCV),10.1109/iccv51070.2023.00928,UNKNOWN,782de56ec4cdf620c1e6eba495960a772c1efd25,SpikeTrack,peer-reviewed conference,SUPPORTING,UNKNOWN,UNKNOWN,https://doi.org/10.1109/iccv51070.2023.00928,Robustness / distractor handling,UNIQUE,SpikeTrack:02:782de56ec4cdf620c1e6eba495960a772c1efd25,METADATA_CANONICALIZED,https://doi.org/10.1109/iccv51070.2023.00928,E02;E27,Canonical metadata audit tier: METADATA_CANONICALIZED.
P032,FSTrack: Visual tracking with feature fusion and adaptive selection,Jian Shi,2026,Expert Systems with Applications,10.1016/j.eswa.2025.129895,UNKNOWN,fc413b5316463b7467aa4a39a40208247f7f8842,FARTrack,peer-reviewed journal,SUPPORTING,UNKNOWN,UNKNOWN,https://doi.org/10.1016/j.eswa.2025.129895,Relation / cross-attention modeling,UNIQUE,FARTrack:22:fc413b5316463b7467aa4a39a40208247f7f8842,METADATA_CANONICALIZED,https://doi.org/10.1016/j.eswa.2025.129895,E01;E27,Canonical metadata audit tier: METADATA_CANONICALIZED.
P033,Fully Spiking Neural Networks for Unified Frame-Event Object Tracking,Jingjun Yang,2025,NeurIPS 2025,10.48550/arxiv.2505.20834,2505.20834,b795d27606f99de1ad83c90fc73f5bb3157b8c52,SpikeTrack,peer-reviewed conference,SUPPORTING,YES,https://github.com/Noctis-A/SpikeFET,https://proceedings.neurips.cc/paper_files/paper/2025/hash/af752cfbdcc6fd3e4cd0eea9f1ad0fab-Abstract-Conference.html,Asymmetric template-search architecture; Robustness / distractor handling; SNN / neuromorphic computation; Token / feature / spatial sparsification,UNIQUE,SpikeTrack:29:b795d27606f99de1ad83c90fc73f5bb3157b8c52,PRIMARY_VERIFIED_HIGH_RELEVANCE,https://proceedings.neurips.cc/paper_files/paper/2025/hash/af752cfbdcc6fd3e4cd0eea9f1ad0fab-Abstract-Conference.html,E02;E27,Canonical metadata audit tier: PRIMARY_VERIFIED_HIGH_RELEVANCE.
P034,General Compression Framework for Efficient Transformer Object Tracking,Lingyi Hong,2025,ICCV 2025,10.1109/iccv51701.2025.01247,2409.17564,e3d128c4a43fe2d5a9c8e8657cd5926c53197ba8,FARTrack,peer-reviewed conference,SUPPORTING,YES,https://github.com/LingyiHongfd/CompressTracker,https://doi.org/10.1109/iccv51701.2025.01247,Lightweight backbone design; Model compression / distillation; Training / loss redesign,UNIQUE,FARTrack:10:e3d128c4a43fe2d5a9c8e8657cd5926c53197ba8,PRIMARY_VERIFIED_HIGH_RELEVANCE,https://doi.org/10.1109/iccv51701.2025.01247,E01;E27,Canonical metadata audit tier: PRIMARY_VERIFIED_HIGH_RELEVANCE.
P035,Generalized Relation Modeling for Transformer Tracking,Shenyuan Gao,2023,2023 IEEE/CVF Conference on Computer Vision and Pattern Recognition (CVPR),10.1109/cvpr52729.2023.01792,2303.16580,5b959cf1e226e19647d2fd2bcb7f65d43e68dbe5,SpikeTrack,peer-reviewed conference,SUPPORTING,YES,https://github.com/Little-Podi/GRM,https://doi.org/10.1109/cvpr52729.2023.01792,Asymmetric template-search architecture; Relation / cross-attention modeling; Robustness / distractor handling,UNIQUE,SpikeTrack:12:5b959cf1e226e19647d2fd2bcb7f65d43e68dbe5,METADATA_CANONICALIZED,https://doi.org/10.1109/cvpr52729.2023.01792,E02;E27,Canonical metadata audit tier: METADATA_CANONICALIZED.
P036,GOT-Edit: Geometry-Aware Generic Object Tracking via Online Model Editing,Shih-Fang Chen,2026,ICLR 2026,UNKNOWN,2602.08550,bc64a56b27efc2af9423a7c1715e44e265887ff9,FARTrack,peer-reviewed conference,SUPPORTING,UNKNOWN,UNKNOWN,https://proceedings.iclr.cc/paper_files/paper/2026/hash/519c51529c3544b3430bd8b17d400365-Abstract-Conference.html,Robustness / distractor handling,UNIQUE,FARTrack:30:bc64a56b27efc2af9423a7c1715e44e265887ff9,METADATA_CANONICALIZED,https://proceedings.iclr.cc/paper_files/paper/2026/hash/519c51529c3544b3430bd8b17d400365-Abstract-Conference.html,E01;E27,Canonical metadata audit tier: METADATA_CANONICALIZED.
P037,High-Performance Discriminative Tracking with Spatio-Temporal Template Fusion,Xuedong He,2025,Proceedings of the 33rd ACM International Conference on Multimedia,10.1145/3746027.3755721,UNKNOWN,ab6b66d9f817af8098a534cd8cc15ff92da05494,SpikeTrack,peer-reviewed conference,SUPPORTING,YES,https://github.com/hexdjx/VisTrack,https://doi.org/10.1145/3746027.3755721,Asymmetric template-search architecture; Dynamic / conditional computation; Target-aware representation,UNIQUE,SpikeTrack:38:ab6b66d9f817af8098a534cd8cc15ff92da05494,METADATA_CANONICALIZED,https://doi.org/10.1145/3746027.3755721,E02;E27,Canonical metadata audit tier: METADATA_CANONICALIZED.
P038,Implicit Motion State Modeling for Efficient and Effective Video-Level Object Tracking,Xianxin Jia,2026,Expert Systems with Applications,10.1016/j.eswa.2026.132083,UNKNOWN,3aa6ded626de9cdd82890f13acb72b293727266e,FARTrack,peer-reviewed journal,SUPPORTING,UNKNOWN,UNKNOWN,https://doi.org/10.1016/j.eswa.2026.132083,Motion modeling; Temporal context / video-level memory,UNIQUE,FARTrack:20:3aa6ded626de9cdd82890f13acb72b293727266e,METADATA_CANONICALIZED,https://doi.org/10.1016/j.eswa.2026.132083,E01;E27,Canonical metadata audit tier: METADATA_CANONICALIZED.
P039,Improving Visual Object Tracking Through Visual Prompting,Shih-Fang Chen,2025,IEEE Transactions on Multimedia,10.1109/tmm.2025.3535323,2409.18901,d1054ba696350461941221b4f0a8b3b408a12d26,FARTrack,peer-reviewed journal,SUPPORTING,UNKNOWN,UNKNOWN,https://doi.org/10.1109/tmm.2025.3535323,Dynamic / conditional computation; Robustness / distractor handling,UNIQUE,FARTrack:31:d1054ba696350461941221b4f0a8b3b408a12d26,METADATA_CANONICALIZED,https://doi.org/10.1109/tmm.2025.3535323,E01;E27,Canonical metadata audit tier: METADATA_CANONICALIZED.
P040,Joint Feature Learning and Relation Modeling for Tracking: A One-Stream Framework,Botao Ye,2022,ECCV 2022,10.1007/978-3-031-20047-2_20,2203.11991,c1329f91cfa11011712227c8765fbbe38b9f2b7e,SpikeTrack,peer-reviewed conference,HISTORICAL,YES,https://github.com/botaoye/OSTrack,https://www.ecva.net/papers/eccv_2022/papers_ECCV/papers/136820332.pdf,Asymmetric template-search architecture; Dynamic / conditional computation; Relation / cross-attention modeling; Robustness / distractor handling,UNIQUE,SpikeTrack:36:c1329f91cfa11011712227c8765fbbe38b9f2b7e,METADATA_CANONICALIZED,https://www.ecva.net/papers/eccv_2022/papers_ECCV/papers/136820332.pdf,E02;E27,Canonical metadata audit tier: METADATA_CANONICALIZED.
P041,Joint position and appearance feature modeling for accurate visual tracking,X. Gong,2026,Applied Soft Computing,10.1016/j.asoc.2025.114460,UNKNOWN,f05a36f8cc86f669bad8d49772c40a07e790d4d6,FARTrack,peer-reviewed journal,SUPPORTING,UNKNOWN,UNKNOWN,https://doi.org/10.1016/j.asoc.2025.114460,UNKNOWN,UNIQUE,FARTrack:09:f05a36f8cc86f669bad8d49772c40a07e790d4d6,METADATA_CANONICALIZED,https://doi.org/10.1016/j.asoc.2025.114460,E01;E27,Canonical metadata audit tier: METADATA_CANONICALIZED.
P042,HIPTrack: Visual Tracking with Historical Prompts,Wenrui Cai,2024,CVPR 2024,UNKNOWN,2311.02072,74dc9be7a20af45487f027c4739ab27ca662ab01,SpikeTrack,peer-reviewed conference,SUPPORTING,UNKNOWN,UNKNOWN,https://openaccess.thecvf.com/content/CVPR2024/html/Cai_HIPTrack_Visual_Tracking_with_Historical_Prompts_CVPR_2024_paper.html,Robustness / distractor handling,UNIQUE,SpikeTrack:30:74dc9be7a20af45487f027c4739ab27ca662ab01,METADATA_CANONICALIZED,https://openaccess.thecvf.com/content/CVPR2024/html/Cai_HIPTrack_Visual_Tracking_with_Historical_Prompts_CVPR_2024_paper.html,E02;E27,Canonical metadata audit tier: METADATA_CANONICALIZED.
P043,Linker: Learning Long Short-term Associations for Robust Visual Tracking,Zizheng Xun,2024,IEEE Transactions on Multimedia,10.1109/tmm.2023.3347644,UNKNOWN,4c9df14d16e259d7f3ea88b75cdee2f9650cfeb3,SpikeTrack,peer-reviewed journal,SUPPORTING,UNKNOWN,UNKNOWN,https://doi.org/10.1109/tmm.2023.3347644,Asymmetric template-search architecture; Robustness / distractor handling,UNIQUE,SpikeTrack:24:4c9df14d16e259d7f3ea88b75cdee2f9650cfeb3,METADATA_CANONICALIZED,https://doi.org/10.1109/tmm.2023.3347644,E02;E27,Canonical metadata audit tier: METADATA_CANONICALIZED.
P044,LiteTrack: Layer Pruning with Asynchronous Feature Extraction for Lightweight and Efficient Visual Tracking,Qingmao Wei,2024,ICRA 2024,10.1109/icra57147.2024.10610022,2309.09249,c50a76bd9ce8194f2385e72deae6ec531549a396,FARTrack,peer-reviewed conference,SUPPORTING,YES,https://github.com/TsingWei/LiteTrack,https://doi.org/10.1109/icra57147.2024.10610022,Lightweight backbone design; Pruning,UNIQUE,FARTrack:38:c50a76bd9ce8194f2385e72deae6ec531549a396,PRIMARY_VERIFIED_HIGH_RELEVANCE,https://doi.org/10.1109/icra57147.2024.10610022,E01;E27,Canonical metadata audit tier: PRIMARY_VERIFIED_HIGH_RELEVANCE.
P045,Local Feature Enhancement based One-Stream Transformer Tracking,Jinfen Liu,2025,"2025 6th International Conference on Computer Vision, Image and Deep Learning (CVIDL)",10.1109/cvidl65390.2025.11086075,UNKNOWN,3745896ecf8a08a3ff498851a4dddd3c6e8c90d7,SpikeTrack,peer-reviewed conference,SUPPORTING,UNKNOWN,UNKNOWN,https://doi.org/10.1109/cvidl65390.2025.11086075,UNKNOWN,UNIQUE,SpikeTrack:03:3745896ecf8a08a3ff498851a4dddd3c6e8c90d7,METADATA_CANONICALIZED,https://doi.org/10.1109/cvidl65390.2025.11086075,E02;E27,Canonical metadata audit tier: METADATA_CANONICALIZED.
P046,Masked Mutual Guidance Transformer Tracking,Baojie Fan,2024,2024 IEEE/RSJ International Conference on Intelligent Robots and Systems (IROS),10.1109/iros58592.2024.10801735,UNKNOWN,8c7274e12dc32878d8cf6be9ec9512347fcf17b2,SpikeTrack,peer-reviewed conference,SUPPORTING,UNKNOWN,UNKNOWN,https://doi.org/10.1109/iros58592.2024.10801735,UNKNOWN,UNIQUE,SpikeTrack:32:8c7274e12dc32878d8cf6be9ec9512347fcf17b2,METADATA_CANONICALIZED,https://doi.org/10.1109/iros58592.2024.10801735,E02;E27,Canonical metadata audit tier: METADATA_CANONICALIZED.
P047,MCTrack: Multi-cue spatio-temporal object tracking,Jianbo Song,2026,Expert Systems with Applications,10.1016/j.eswa.2025.129984,UNKNOWN,be1728a983128f17bdd2d7f7a33a4ba0b0614546,FARTrack,peer-reviewed journal,SUPPORTING,UNKNOWN,UNKNOWN,https://doi.org/10.1016/j.eswa.2025.129984,UNKNOWN,UNIQUE,FARTrack:08:be1728a983128f17bdd2d7f7a33a4ba0b0614546,METADATA_CANONICALIZED,https://doi.org/10.1016/j.eswa.2025.129984,E01;E27,Canonical metadata audit tier: METADATA_CANONICALIZED.
P048,MixFormerV2: Efficient Fully Transformer Tracking,Yutao Cui,2023,NeurIPS 2023,10.48550/arxiv.2305.15896,2305.15896,76b1b82931153f3a49b8bd44f0a7fd248ffe0330,FARTrack,peer-reviewed conference,SUPPORTING,YES,https://github.com/MCG-NJU/MixFormerV2,https://proceedings.neurips.cc/paper_files/paper/2023/hash/b7870bd43b2d133a1ed95582ae5d82a4-Abstract.html,Block / layer reduction; Model compression / distillation; Pruning; Token / feature / spatial sparsification,UNIQUE,FARTrack:14:76b1b82931153f3a49b8bd44f0a7fd248ffe0330,PRIMARY_VERIFIED_HIGH_RELEVANCE,https://proceedings.neurips.cc/paper_files/paper/2023/hash/b7870bd43b2d133a1ed95582ae5d82a4-Abstract.html,E01;E27,Canonical metadata audit tier: PRIMARY_VERIFIED_HIGH_RELEVANCE.
P049,MPTrack: Visual Tracking with Reliable Motion Prompts,Songtao Sun,2024,Proceedings of the 2024 International Conference on Artificial Intelligence of Things and Computing,10.1145/3708282.3708292,UNKNOWN,22dc6f42561a07e24e8095681660f9d634839b2a,SpikeTrack,peer-reviewed conference,SUPPORTING,UNKNOWN,UNKNOWN,https://doi.org/10.1145/3708282.3708292,Dynamic / conditional computation; Motion modeling,UNIQUE,SpikeTrack:18:22dc6f42561a07e24e8095681660f9d634839b2a,METADATA_CANONICALIZED,https://doi.org/10.1145/3708282.3708292,E02;E27,Canonical metadata audit tier: METADATA_CANONICALIZED.
P050,Multi-State Tracker: Enhancing Efficient Object Tracking via Multi-State Specialization and Interaction,Shilei Wang,2025,Proceedings of the 33rd ACM International Conference on Multimedia,10.1145/3746027.3755310,2508.11531,0a19b62fbef922ae43fa7eeebdb3f11a4d654e18,SpikeTrack,peer-reviewed conference,SUPPORTING,YES,https://github.com/wsumel/MST,https://doi.org/10.1145/3746027.3755310,Lightweight backbone design; Robustness / distractor handling; Temporal context / video-level memory,UNIQUE,SpikeTrack:27:0a19b62fbef922ae43fa7eeebdb3f11a4d654e18,METADATA_CANONICALIZED,https://doi.org/10.1145/3746027.3755310,E02;E27,Canonical metadata audit tier: METADATA_CANONICALIZED.
P051,Optimized Information Flow for Transformer Tracking,J. Kugarajeevan,2024,ArXiv,10.48550/arxiv.2402.08195,2402.08195,00555d35794b4dcca03928530e906291acaca17d,SpikeTrack,arXiv/preprint only,SUPPORTING,YES,https://github.com/JananiKugaa/OIFTrack,https://doi.org/10.48550/arxiv.2402.08195,Dynamic / conditional computation; Robustness / distractor handling,UNIQUE,SpikeTrack:22:00555d35794b4dcca03928530e906291acaca17d,ARXIV_ONLY_VERIFIED,https://doi.org/10.48550/arxiv.2402.08195,E02;E27,Canonical metadata audit tier: ARXIV_ONLY_VERIFIED.
P052,Optimizing intrinsic representation for tracking,Yuanming Zhang,2024,Knowledge-Based Systems,10.1016/j.knosys.2024.111955,UNKNOWN,d57521c303c886dc42b366c844d8de9c8157b2b3,SpikeTrack,peer-reviewed journal,SUPPORTING,UNKNOWN,UNKNOWN,https://doi.org/10.1016/j.knosys.2024.111955,Target-aware representation; Training / loss redesign,UNIQUE,SpikeTrack:28:d57521c303c886dc42b366c844d8de9c8157b2b3,PRIMARY_VERIFIED_HIGH_RELEVANCE,https://doi.org/10.1016/j.knosys.2024.111955,E02;E27;E25,Canonical metadata audit tier: PRIMARY_VERIFIED_HIGH_RELEVANCE.
P053,PlanarTrack: A Large-scale Challenging Benchmark for Planar Object Tracking,Xinran Liu,2023,2023 IEEE/CVF International Conference on Computer Vision (ICCV),10.1109/iccv51070.2023.01870,2303.07625,bab1416472e2f26f6389d1710b2a4aa946796a44,SpikeTrack,peer-reviewed conference,SUPPORTING,UNKNOWN,UNKNOWN,https://doi.org/10.1109/iccv51070.2023.01870,UNKNOWN,UNIQUE,SpikeTrack:31:bab1416472e2f26f6389d1710b2a4aa946796a44,METADATA_CANONICALIZED,https://doi.org/10.1109/iccv51070.2023.01870,E02;E27,Canonical metadata audit tier: METADATA_CANONICALIZED.
P054,Positive-Sample-Free Object Tracking via a Soft Constraint,Jiaxin Ye,2024,IEEE Transactions on Circuits and Systems for Video Technology,10.1109/tcsvt.2023.3294580,UNKNOWN,3bf0cc8ee66eacd36a122502eb83372e8cee5449,SpikeTrack,peer-reviewed journal,SUPPORTING,UNKNOWN,UNKNOWN,https://doi.org/10.1109/tcsvt.2023.3294580,UNKNOWN,UNIQUE,SpikeTrack:19:3bf0cc8ee66eacd36a122502eb83372e8cee5449,METADATA_CANONICALIZED,https://doi.org/10.1109/tcsvt.2023.3294580,E02;E27,Canonical metadata audit tier: METADATA_CANONICALIZED.
P055,Query-Based Object Visual Tracking with Parallel Sequence Generation,Chang Liu,2024,Sensors,10.3390/s24154802,UNKNOWN,7a73bfa0d2f9d506ae9c857bd3ec8ec39973dcf8,SpikeTrack,peer-reviewed journal,SUPPORTING,UNKNOWN,UNKNOWN,https://doi.org/10.3390/s24154802,Autoregressive / sequence modeling; Lightweight backbone design,UNIQUE,SpikeTrack:40:7a73bfa0d2f9d506ae9c857bd3ec8ec39973dcf8,METADATA_CANONICALIZED,https://doi.org/10.3390/s24154802,E02;E27,Canonical metadata audit tier: METADATA_CANONICALIZED.
P056,RELO: Reinforcement Learning to Localize for Visual Object Tracking,Xin Chen,2026,ICML 2026,UNKNOWN,2605.07379,985ffbc91ee8d79b0530fd7003155b9aa1a03783,FARTrack,peer-reviewed conference,SUPPORTING,UNKNOWN,UNKNOWN,https://icml.cc/Downloads/2026,Temporal context / video-level memory,UNIQUE,FARTrack:37:985ffbc91ee8d79b0530fd7003155b9aa1a03783,METADATA_CANONICALIZED,https://icml.cc/Downloads/2026,E01;E27,Canonical metadata audit tier: METADATA_CANONICALIZED.
P057,Robust Object Modeling for Visual Tracking,Y. Cai,2023,2023 IEEE/CVF International Conference on Computer Vision (ICCV),10.1109/iccv51070.2023.00879,2308.05140,b4e8984c1d1066adf99f7878345bcfd35dfda88b,SpikeTrack,peer-reviewed conference,SUPPORTING,UNKNOWN,UNKNOWN,https://doi.org/10.1109/iccv51070.2023.00879,Robustness / distractor handling,UNIQUE,SpikeTrack:37:b4e8984c1d1066adf99f7878345bcfd35dfda88b,METADATA_CANONICALIZED,https://doi.org/10.1109/iccv51070.2023.00879,E02;E27,Canonical metadata audit tier: METADATA_CANONICALIZED.
P058,Robust Tracking via Unifying Pretrain-Finetuning and Visual Prompt Tuning,Guangtong Zhang,2023,ACM Multimedia Asia 2023,10.1145/3595916.3626410,UNKNOWN,cd52e774acb0f46bea128ee14fe592b6ce7c5ca4,SpikeTrack,peer-reviewed conference,SUPPORTING,UNKNOWN,UNKNOWN,https://doi.org/10.1145/3595916.3626410,Robustness / distractor handling; Template computation reuse,UNIQUE,SpikeTrack:41:cd52e774acb0f46bea128ee14fe592b6ce7c5ca4,METADATA_CANONICALIZED,https://doi.org/10.1145/3595916.3626410,E02;E27,Canonical metadata audit tier: METADATA_CANONICALIZED.
P059,SAMITE: Position Prompted SAM2 with Calibrated Memory for Visual Object Tracking,Qianxiong Xu,2025,ArXiv,10.48550/arxiv.2507.21732,2507.21732,44050bec6d80759a876ee1402fd36b566e04904b,FARTrack,arXiv/preprint only,SUPPORTING,YES,https://github.com/Sam1224/SAMITE,https://doi.org/10.48550/arxiv.2507.21732,Autoregressive / sequence modeling; Robustness / distractor handling; Template / target memory; Temporal context / video-level memory,UNIQUE,FARTrack:21:44050bec6d80759a876ee1402fd36b566e04904b,ARXIV_ONLY_VERIFIED,https://doi.org/10.48550/arxiv.2507.21732,E01;E27,Canonical metadata audit tier: ARXIV_ONLY_VERIFIED.
P060,SeqTrack: Sequence to Sequence Learning for Visual Object Tracking,Xin Chen,2023,2023 IEEE/CVF Conference on Computer Vision and Pattern Recognition (CVPR),10.1109/cvpr52729.2023.01400,UNKNOWN,cbeee2f7f03acb575f250e7b1857ceb775db98ec,BOTH,peer-reviewed conference,SUPPORTING,YES,https://github.com/microsoft/VideoX,https://doi.org/10.1109/cvpr52729.2023.01400,Asymmetric template-search architecture; Autoregressive / sequence modeling; Training / loss redesign,doi; semantic_scholar_id; normalized_title,FARTrack:18:cbeee2f7f03acb575f250e7b1857ceb775db98ec; SpikeTrack:34:cbeee2f7f03acb575f250e7b1857ceb775db98ec,METADATA_CANONICALIZED,https://doi.org/10.1109/cvpr52729.2023.01400,E01;E02;E27,Canonical metadata audit tier: METADATA_CANONICALIZED.
P061,Siamese Visual Tracking With Multi-Parallel Interactive Transformers,Wuwei Wang,2025,IEEE Transactions on Circuits and Systems for Video Technology,10.1109/tcsvt.2025.3569633,UNKNOWN,b17e426477160a7b7c68b92bf3138224c8858e0b,FARTrack,peer-reviewed journal,SUPPORTING,UNKNOWN,UNKNOWN,https://doi.org/10.1109/tcsvt.2025.3569633,Asymmetric template-search architecture; Block / layer reduction; Dynamic / conditional computation,UNIQUE,FARTrack:24:b17e426477160a7b7c68b92bf3138224c8858e0b,METADATA_CANONICALIZED,https://doi.org/10.1109/tcsvt.2025.3569633,E01;E27,Canonical metadata audit tier: METADATA_CANONICALIZED.
P062,Sparse Transformer-Based Sequence Generation for Visual Object Tracking,Dan Tian,2024,IEEE Access,10.1109/access.2024.3482468,UNKNOWN,ec79544fb40ca5bf62efcdf857456c1b2b55171f,SpikeTrack,peer-reviewed journal,SUPPORTING,UNKNOWN,UNKNOWN,https://doi.org/10.1109/access.2024.3482468,Autoregressive / sequence modeling; Relation / cross-attention modeling; Robustness / distractor handling; Token / feature / spatial sparsification,UNIQUE,SpikeTrack:21:ec79544fb40ca5bf62efcdf857456c1b2b55171f,METADATA_CANONICALIZED,https://doi.org/10.1109/access.2024.3482468,E02;E27,Canonical metadata audit tier: METADATA_CANONICALIZED.
P063,SpikeTrack: A Spike-driven Framework for Efficient Visual Tracking,Qiuyang Zhang,2026,CVPR 2026,UNKNOWN,2602.23963,116e7d66f82b21e9e9fe5f4b4e9a25026a9ca8b2,SpikeTrack,peer-reviewed conference,PRIMARY,YES,https://github.com/faicaiwawa/SpikeTrack,https://openaccess.thecvf.com/content/CVPR2026/html/Zhang_SpikeTrack_A_Spike-driven_Framework_for_Efficient_Visual_Tracking_CVPR_2026_paper.html,Asymmetric template-search architecture; Dynamic / conditional computation; SNN / neuromorphic computation; Target-aware representation; Template / target memory; Temporal timestep optimization,UNIQUE,SpikeTrack:01:116e7d66f82b21e9e9fe5f4b4e9a25026a9ca8b2,PRIMARY_VERIFIED_HIGH_RELEVANCE,https://openaccess.thecvf.com/content/CVPR2026/html/Zhang_SpikeTrack_A_Spike-driven_Framework_for_Efficient_Visual_Tracking_CVPR_2026_paper.html,E02;E27,Canonical metadata audit tier: PRIMARY_VERIFIED_HIGH_RELEVANCE.
P064,Towards Efficient Training with Negative Samples in Visual Tracking,Qingmao Wei,2023,ArXiv,10.48550/arxiv.2309.02903,2309.02903,d5881f8cd20404bfe8b2c19937ab9585fee44170,SpikeTrack,arXiv/preprint only,SUPPORTING,UNKNOWN,UNKNOWN,https://doi.org/10.48550/arxiv.2309.02903,Training / loss redesign,UNIQUE,SpikeTrack:17:d5881f8cd20404bfe8b2c19937ab9585fee44170,ARXIV_ONLY_VERIFIED,https://doi.org/10.48550/arxiv.2309.02903,E02;E27,Canonical metadata audit tier: ARXIV_ONLY_VERIFIED.
P065,Transformer-Based Tracker Fusing Two-Dimensional Semantic Features,Yongsheng Luo,2025,"2025 5th International Conference on Neural Networks, Information and Communication Engineering (NNICE)",10.1109/nnice64954.2025.11063785,UNKNOWN,8d13075ad3fc62318006e7077ecd9deeea691fd4,SpikeTrack,peer-reviewed conference,SUPPORTING,UNKNOWN,UNKNOWN,https://doi.org/10.1109/nnice64954.2025.11063785,Robustness / distractor handling,UNIQUE,SpikeTrack:35:8d13075ad3fc62318006e7077ecd9deeea691fd4,METADATA_CANONICALIZED,https://doi.org/10.1109/nnice64954.2025.11063785,E02;E27,Canonical metadata audit tier: METADATA_CANONICALIZED.
P066,Transformer Visual Tracker Based on Template Features Corresponding to Foreground Region,Jian Yu,2022,2022 IEEE International Conference on Image Processing (ICIP),10.1109/icip46576.2022.9897717,UNKNOWN,e83509724ce12696bffb520840d56f85adf27a61,SpikeTrack,peer-reviewed conference,SUPPORTING,UNKNOWN,UNKNOWN,https://doi.org/10.1109/icip46576.2022.9897717,Relation / cross-attention modeling; Robustness / distractor handling,UNIQUE,SpikeTrack:09:e83509724ce12696bffb520840d56f85adf27a61,METADATA_CANONICALIZED,https://doi.org/10.1109/icip46576.2022.9897717,E02;E27,Canonical metadata audit tier: METADATA_CANONICALIZED.
P067,Two-stream Beats One-stream: Asymmetric Siamese Network for Efficient Visual Tracking,Jiawen Zhu,2025,AAAI 2025,10.1609/aaai.v39i10.33191,2503.00516,d5a746bc1274ac8da900a4a9c5dd28c38e868419,FARTrack,peer-reviewed conference,SUPPORTING,YES,https://github.com/jiawen-zhu/AsymTrack,https://ojs.aaai.org/index.php/AAAI/article/view/33191,Asymmetric template-search architecture; Lightweight backbone design; Target-aware representation; Template computation reuse,UNIQUE,FARTrack:02:d5a746bc1274ac8da900a4a9c5dd28c38e868419,PRIMARY_VERIFIED_HIGH_RELEVANCE,https://ojs.aaai.org/index.php/AAAI/article/view/33191,E01;E27,Canonical metadata audit tier: PRIMARY_VERIFIED_HIGH_RELEVANCE.
P068,UETrack: A Unified and Efficient Framework for Single Object Tracking,Ben Kang,2026,CVPR 2026,UNKNOWN,2603.01412,4494aa22c6d4c9dc68a91b1b2819603b33656b13,FARTrack,peer-reviewed conference,SUPPORTING,YES,https://github.com/kangben258/UETrack,https://openaccess.thecvf.com/content/CVPR2026/html/Kang_UETrack_A_Unified_and_Efficient_Framework_for_Single_Object_Tracking_CVPR_2026_paper.html,Lightweight backbone design; Model compression / distillation; Target-aware representation,UNIQUE,FARTrack:29:4494aa22c6d4c9dc68a91b1b2819603b33656b13,METADATA_CANONICALIZED,https://openaccess.thecvf.com/content/CVPR2026/html/Kang_UETrack_A_Unified_and_Efficient_Framework_for_Single_Object_Tracking_CVPR_2026_paper.html,E01;E27,Canonical metadata audit tier: METADATA_CANONICALIZED.
P069,Unifying Motion and Appearance Cues for Visual Tracking via Shared Queries,Chaocan Xue,2025,IEEE Transactions on Circuits and Systems for Video Technology,10.1109/tcsvt.2024.3486347,UNKNOWN,868e277a1c22d2d3daacc4cbeab5d8f659cde09b,FARTrack,peer-reviewed journal,SUPPORTING,UNKNOWN,UNKNOWN,https://doi.org/10.1109/tcsvt.2024.3486347,Autoregressive / sequence modeling; Motion modeling; Robustness / distractor handling; Temporal timestep optimization,UNIQUE,FARTrack:07:868e277a1c22d2d3daacc4cbeab5d8f659cde09b,METADATA_CANONICALIZED,https://doi.org/10.1109/tcsvt.2024.3486347,E01;E27,Canonical metadata audit tier: METADATA_CANONICALIZED.
P070,VideoTrack: Learning To Track Objects via Video Transformer,Fei Xie,2023,2023 IEEE/CVF Conference on Computer Vision and Pattern Recognition (CVPR),10.1109/cvpr52729.2023.02186,UNKNOWN,38bb6953420980dcde72afccd622447989478483,SpikeTrack,peer-reviewed conference,SUPPORTING,YES,https://github.com/phiphiphi31/VideoTrack,https://doi.org/10.1109/cvpr52729.2023.02186,Temporal context / video-level memory; Autoregressive / sequence modeling,UNIQUE,SpikeTrack:39:38bb6953420980dcde72afccd622447989478483,METADATA_CANONICALIZED,https://doi.org/10.1109/cvpr52729.2023.02186,E02;E27;E26,Canonicalized from a supplementary-only export record to the CVPR 2023 paper. Canonical metadata audit tier: METADATA_CANONICALIZED.
P071,Visual tracking with unified relation modeling and masked appearance learning,X. Gong,2026,Neural Networks,10.1016/j.neunet.2025.108197,UNKNOWN,b1434832195aa82ce5a141aeb9d3098186fd940f,FARTrack,peer-reviewed journal,SUPPORTING,UNKNOWN,UNKNOWN,https://doi.org/10.1016/j.neunet.2025.108197,Asymmetric template-search architecture; Relation / cross-attention modeling; Target-aware representation; Temporal context / video-level memory,UNIQUE,FARTrack:19:b1434832195aa82ce5a141aeb9d3098186fd940f,METADATA_CANONICALIZED,https://doi.org/10.1016/j.neunet.2025.108197,E01;E27,Canonical metadata audit tier: METADATA_CANONICALIZED.
P072,"Wave-wise Discriminative Tracking by Phase-Amplitude Separation, Augmentation and Mixture",Huibin Tan,2025,Proceedings of the Thirty-Fourth International Joint Conference on Artificial Intelligence,10.24963/ijcai.2025/215,UNKNOWN,99ddfa5f53f84f83dcb55fb10fc6005d4f8d350a,SpikeTrack,peer-reviewed conference,SUPPORTING,UNKNOWN,UNKNOWN,https://doi.org/10.24963/ijcai.2025/215,Relation / cross-attention modeling; Robustness / distractor handling,UNIQUE,SpikeTrack:16:99ddfa5f53f84f83dcb55fb10fc6005d4f8d350a,METADATA_CANONICALIZED,https://doi.org/10.24963/ijcai.2025/215,E02;E27,Canonical metadata audit tier: METADATA_CANONICALIZED.
P073,WmLSTM: A Plug-and-Play Window-Level mLSTM-Based Temporal Encoder for Robust Visual Tracking,Yao Chen,2026,IEEE Transactions on Circuits and Systems for Video Technology,10.1109/tcsvt.2026.3662479,UNKNOWN,d49294451836462a0786d2e2cc9e466a956b152e,FARTrack,peer-reviewed journal,SUPPORTING,YES,https://github.com/Xiaochen918/WmLSTM,https://doi.org/10.1109/tcsvt.2026.3662479,Robustness / distractor handling; Temporal context / video-level memory,UNIQUE,FARTrack:15:d49294451836462a0786d2e2cc9e466a956b152e,METADATA_CANONICALIZED,https://doi.org/10.1109/tcsvt.2026.3662479,E01;E27,Canonical metadata audit tier: METADATA_CANONICALIZED.
P074,ZoomTrack: Target-aware Non-uniform Resizing for Efficient Visual Tracking,Yutong Kou,2023,NeurIPS 2023,UNKNOWN,2310.10071,3ac21448bfcb74b52ccdefd7cbf9cc33b38ef13d,SpikeTrack,peer-reviewed conference,SUPPORTING,YES,https://github.com/Kou-99/ZoomTrack,https://proceedings.neurips.cc/paper_files/paper/2023/hash/9fc291fef2f9607a46777d367f900a15-Abstract-Conference.html,Low-resolution / adaptive-resolution processing; Target-aware representation,UNIQUE,SpikeTrack:13:3ac21448bfcb74b52ccdefd7cbf9cc33b38ef13d,METADATA_CANONICALIZED,https://proceedings.neurips.cc/paper_files/paper/2023/hash/9fc291fef2f9607a46777d367f900a15-Abstract-Conference.html,E02;E27,Canonical metadata audit tier: METADATA_CANONICALIZED.
