"source_paper_id","queried_doi","crossref_doi","crossref_type","published_year","canonical_title","container_title","volume","page","article_number","publisher","source_url","retrieved_utc"
"P001","10.1145/3732785","10.1145/3732785","journal-article","2025","Adaptive Target-Oriented Tracking","ACM Transactions on Intelligent Systems and Technology","16","1-15",,"Association for Computing Machinery (ACM)","https://doi.org/10.1145/3732785","2026-08-30"
"P002","10.1016/j.patcog.2024.111278","10.1016/j.patcog.2024.111278","journal-article","2025","Adaptively bypassing vision transformer blocks for efficient visual tracking","Pattern Recognition","161","111278","111278","Elsevier BV","https://doi.org/10.1016/j.patcog.2024.111278","2026-08-30"
"P003","10.1016/j.knosys.2026.115369","10.1016/j.knosys.2026.115369","journal-article","2026","AdaptTrack: Perception field adaptation with contrastive attention for robust visual tracking","Knowledge-Based Systems","337","115369","115369","Elsevier BV","https://doi.org/10.1016/j.knosys.2026.115369","2026-08-30"
"P004","10.1109/cvpr52733.2024.01826","10.1109/cvpr52733.2024.01826","proceedings-article","2024","Autoregressive Queries for Adaptive Tracking with Spatio-Temporal Transformers","2024 IEEE/CVF Conference on Computer Vision and Pattern Recognition (CVPR)",,"19300-19309",,"IEEE","https://doi.org/10.1109/cvpr52733.2024.01826","2026-08-30"
"P005","10.1109/cvpr52734.2025.00680","10.1109/cvpr52734.2025.00680","proceedings-article","2025","Autoregressive Sequential Pretraining for Visual Tracking","2025 IEEE/CVF Conference on Computer Vision and Pattern Recognition (CVPR)",,"7254-7264",,"IEEE","https://doi.org/10.1109/cvpr52734.2025.00680","2026-08-30"
"P006","10.1109/tiv.2024.3422806","10.1109/tiv.2024.3422806","journal-article","2025","AViTMP: A Tracking-Specific Transformer for Single-Branch Visual Tracking","IEEE Transactions on Intelligent Vehicles","10","1087-1100",,"Institute of Electrical and Electronics Engineers (IEEE)","https://doi.org/10.1109/tiv.2024.3422806","2026-08-30"
"P007","10.1109/tce.2025.3547962","10.1109/tce.2025.3547962","journal-article","2025","CasCenter: A Cascaded Center Network for Visual Tracking","IEEE Transactions on Consumer Electronics","71","2864-2875",,"Institute of Electrical and Electronics Engineers (IEEE)","https://doi.org/10.1109/tce.2025.3547962","2026-08-30"
"P008","10.1109/ainit59027.2023.10212501","10.1109/ainit59027.2023.10212501","proceedings-article","2023","CATrack: Combining Convolutional and Attentional Methods for Visual Object Tracking","2023 4th International Seminar on Artificial Intelligence, Networking and Information Technology (AINIT)",,"682-686",,"IEEE","https://doi.org/10.1109/ainit59027.2023.10212501","2026-08-30"
"P009","10.1016/j.neucom.2025.132340","10.1016/j.neucom.2025.132340","journal-article","2026","CausTrack: Visual tracking via structural causality and deconfounded feature learning","Neurocomputing","668","132340","132340","Elsevier BV","https://doi.org/10.1016/j.neucom.2025.132340","2026-08-30"
"P010","10.1109/iccv51070.2023.00915","10.1109/iccv51070.2023.00915","proceedings-article","2023","CiteTracker: Correlating Image and Text for Visual Tracking","2023 IEEE/CVF International Conference on Computer Vision (ICCV)",,"9940-9949",,"IEEE","https://doi.org/10.1109/iccv51070.2023.00915","2026-08-30"
"P011","10.1016/j.inffus.2025.103374","10.1016/j.inffus.2025.103374","journal-article","2025","CLDTracker: A Comprehensive Language Description for visual Tracking","Information Fusion","124","103374","103374","Elsevier BV","https://doi.org/10.1016/j.inffus.2025.103374","2026-08-30"
"P012","10.1016/j.jvcir.2026.104884","10.1016/j.jvcir.2026.104884","journal-article","2026","Context-aware token pruning and discriminative selective attention for transformer tracking","Journal of Visual Communication and Image Representation","119","104884","104884","Elsevier BV","https://doi.org/10.1016/j.jvcir.2026.104884","2026-08-30"
"P013","10.1109/tpami.2024.3448254","10.1109/tpami.2024.3448254","journal-article","2024","Correlation-Embedded Transformer Tracking: A Single-Branch Framework","IEEE Transactions on Pattern Analysis and Machine Intelligence","46","10681-10696",,"Institute of Electrical and Electronics Engineers (IEEE)","https://doi.org/10.1109/tpami.2024.3448254","2026-08-30"
"P014","10.1016/j.neunet.2025.108179","10.1016/j.neunet.2025.108179","journal-article","2026","CSCL: Bridging the plasticity-stability gap in continuous supervised contrastive learning","Neural Networks","196","108179","108179","Elsevier BV","https://doi.org/10.1016/j.neunet.2025.108179","2026-08-30"
"P015","10.1007/s10489-025-06791-w","10.1007/s10489-025-06791-w","journal-article","2025","DATrack: direction attention based transformer tracker","Applied Intelligence","55",,"897","Springer Science and Business Media LLC","https://doi.org/10.1007/s10489-025-06791-w","2026-08-30"
"P017","10.1109/ijcnn64981.2025.11227771","10.1109/ijcnn64981.2025.11227771","proceedings-article","2025","Discriminative Pruning Networks for Visual Tracking with Adaptive Foreground Prediction","2025 International Joint Conference on Neural Networks (IJCNN)",,"1-8",,"IEEE","https://doi.org/10.1109/ijcnn64981.2025.11227771","2026-08-30"
"P018","10.1109/iros60139.2025.11247730","10.1109/iros60139.2025.11247730","proceedings-article","2025","Efficient and Accurate Low-Resolution Transformer Tracking","2025 IEEE/RSJ International Conference on Intelligent Robots and Systems (IROS)",,"20677-20684",,"IEEE","https://doi.org/10.1109/iros60139.2025.11247730","2026-08-30"
"P020","10.1109/tip.2025.3598934","10.1109/tip.2025.3598934","journal-article","2025","Enhancing the Two-Stream Framework for Efficient Visual Tracking","IEEE Transactions on Image Processing","34","5500-5512",,"Institute of Electrical and Electronics Engineers (IEEE)","https://doi.org/10.1109/tip.2025.3598934","2026-08-30"
"P021","10.1016/j.neucom.2026.134151","10.1016/j.neucom.2026.134151","journal-article","2026","EnTeR-Track: Efficient UAV tracking via entropy-guided pruning and reversible token recovery","Neurocomputing","696","134151","134151","Elsevier BV","https://doi.org/10.1016/j.neucom.2026.134151","2026-08-30"
"P022","10.1007/s11263-025-02500-9","10.1007/s11263-025-02500-9","journal-article","2025","Exploiting Lightweight Hierarchical ViT and Dynamic Framework for Efficient Visual Tracking","International Journal of Computer Vision","133","6689-6711",,"Springer Science and Business Media LLC","https://doi.org/10.1007/s11263-025-02500-9","2026-08-30"
"P023","10.1109/tnnls.2025.3545752","10.1109/tnnls.2025.3545752","journal-article","2025","Exploring Dynamic Transformer for Efficient Object Tracking","IEEE Transactions on Neural Networks and Learning Systems","36","15502-15514",,"Institute of Electrical and Electronics Engineers (IEEE)","https://doi.org/10.1109/tnnls.2025.3545752","2026-08-30"
"P024","10.24963/ijcai.2025/153","10.24963/ijcai.2025/153","proceedings-article","2025","Exploring Efficient and Effective Sequence Learning for Visual Object Tracking","Proceedings of the Thirty-Fourth International Joint Conference on Artificial Intelligence",,"1368-1376",,"International Joint Conferences on Artificial Intelligence Organization","https://doi.org/10.24963/ijcai.2025/153","2026-08-30"
"P026","10.1109/iccv51070.2023.00881","10.1109/iccv51070.2023.00881","proceedings-article","2023","Exploring Lightweight Hierarchical Vision Transformers for Efficient Visual Tracking","2023 IEEE/CVF International Conference on Computer Vision (ICCV)",,"9578-9587",,"IEEE","https://doi.org/10.1109/iccv51070.2023.00881","2026-08-30"
"P027","10.1109/tcsvt.2025.3609410","10.1109/tcsvt.2025.3609410","journal-article","2026","Exploring Pruning-Based Efficient Object Tracking via Hybrid Knowledge Distillation","IEEE Transactions on Circuits and Systems for Video Technology","36","2433-2448",,"Institute of Electrical and Electronics Engineers (IEEE)","https://doi.org/10.1109/tcsvt.2025.3609410","2026-08-30"
"P029","10.1016/j.dsp.2026.105935","10.1016/j.dsp.2026.105935","journal-article","2026","FETrack: One-stream framework-based feature enhancement for object tracking","Digital Signal Processing","173","105935","105935","Elsevier BV","https://doi.org/10.1016/j.dsp.2026.105935","2026-08-30"
"P030","10.1016/j.knosys.2025.114208","10.1016/j.knosys.2025.114208","journal-article","2025","Fine-grained visual tracking via distribution-aware mask modeling and temporal propagation","Knowledge-Based Systems","328","114208","114208","Elsevier BV","https://doi.org/10.1016/j.knosys.2025.114208","2026-08-30"
"P031","10.1109/iccv51070.2023.00928","10.1109/iccv51070.2023.00928","proceedings-article","2023","Foreground-Background Distribution Modeling Transformer for Visual Object Tracking","2023 IEEE/CVF International Conference on Computer Vision (ICCV)",,"10083-10093",,"IEEE","https://doi.org/10.1109/iccv51070.2023.00928","2026-08-30"
"P032","10.1016/j.eswa.2025.129895","10.1016/j.eswa.2025.129895","journal-article","2026","FSTrack: Visual tracking with feature fusion and adaptive selection","Expert Systems with Applications","298","129895","129895","Elsevier BV","https://doi.org/10.1016/j.eswa.2025.129895","2026-08-30"
"P034","10.1109/iccv51701.2025.01247","10.1109/iccv51701.2025.01247","proceedings-article","2025","General Compression Framework for Efficient Transformer Object Tracking","2025 IEEE/CVF International Conference on Computer Vision (ICCV)",,"13427-13437",,"IEEE","https://doi.org/10.1109/iccv51701.2025.01247","2026-08-30"
"P035","10.1109/cvpr52729.2023.01792","10.1109/cvpr52729.2023.01792","proceedings-article","2023","Generalized Relation Modeling for Transformer Tracking","2023 IEEE/CVF Conference on Computer Vision and Pattern Recognition (CVPR)",,"18686-18695",,"IEEE","https://doi.org/10.1109/cvpr52729.2023.01792","2026-08-30"
"P037","10.1145/3746027.3755721","10.1145/3746027.3755721","proceedings-article","2025","High-Performance Discriminative Tracking with Spatio-Temporal Template Fusion","Proceedings of the 33rd ACM International Conference on Multimedia",,"709-718",,"ACM","https://doi.org/10.1145/3746027.3755721","2026-08-30"
"P038","10.1016/j.eswa.2026.132083","10.1016/j.eswa.2026.132083","journal-article","2026","Implicit Motion State Modeling for Efficient and Effective Video-Level Object Tracking","Expert Systems with Applications","320","132083","132083","Elsevier BV","https://doi.org/10.1016/j.eswa.2026.132083","2026-08-30"
"P039","10.1109/tmm.2025.3535323","10.1109/tmm.2025.3535323","journal-article","2025","Improving Visual Object Tracking Through Visual Prompting","IEEE Transactions on Multimedia","27","2682-2694",,"Institute of Electrical and Electronics Engineers (IEEE)","https://doi.org/10.1109/tmm.2025.3535323","2026-08-30"
"P041","10.1016/j.asoc.2025.114460","10.1016/j.asoc.2025.114460","journal-article","2026","Joint position and appearance feature modeling for accurate visual tracking","Applied Soft Computing","189","114460","114460","Elsevier BV","https://doi.org/10.1016/j.asoc.2025.114460","2026-08-30"
"P043","10.1109/tmm.2023.3347644","10.1109/tmm.2023.3347644","journal-article","2024","Linker: Learning Long Short-term Associations for Robust Visual Tracking","IEEE Transactions on Multimedia","26","6228-6237",,"Institute of Electrical and Electronics Engineers (IEEE)","https://doi.org/10.1109/tmm.2023.3347644","2026-08-30"
"P044","10.1109/icra57147.2024.10610022","10.1109/icra57147.2024.10610022","proceedings-article","2024","LiteTrack: Layer Pruning with Asynchronous Feature Extraction for Lightweight and Efficient Visual Tracking","2024 IEEE International Conference on Robotics and Automation (ICRA)",,"4968-4975",,"IEEE","https://doi.org/10.1109/icra57147.2024.10610022","2026-08-30"
"P045","10.1109/cvidl65390.2025.11086075","10.1109/cvidl65390.2025.11086075","proceedings-article","2025","Local Feature Enhancement based One-Stream Transformer Tracking","2025 6th International Conference on Computer Vision, Image and Deep Learning (CVIDL)",,"1000-1004",,"IEEE","https://doi.org/10.1109/cvidl65390.2025.11086075","2026-08-30"
"P046","10.1109/iros58592.2024.10801735","10.1109/iros58592.2024.10801735","proceedings-article","2024","Masked Mutual Guidance Transformer Tracking","2024 IEEE/RSJ International Conference on Intelligent Robots and Systems (IROS)",,"341-348",,"IEEE","https://doi.org/10.1109/iros58592.2024.10801735","2026-08-30"
"P047","10.1016/j.eswa.2025.129984","10.1016/j.eswa.2025.129984","journal-article","2026","MCTrack: Multi-cue spatio-temporal object tracking","Expert Systems with Applications","299","129984","129984","Elsevier BV","https://doi.org/10.1016/j.eswa.2025.129984","2026-08-30"
"P049","10.1145/3708282.3708292","10.1145/3708282.3708292","proceedings-article","2024","MPTrack: Visual Tracking with Reliable Motion Prompts","Proceedings of the 2024 International Conference on Artificial Intelligence of Things and Computing",,"48-53",,"ACM","https://doi.org/10.1145/3708282.3708292","2026-08-30"
"P050","10.1145/3746027.3755310","10.1145/3746027.3755310","proceedings-article","2025","Multi-State Tracker: Enhancing Efficient Object Tracking via Multi-State Specialization and Interaction","Proceedings of the 33rd ACM International Conference on Multimedia",,"4087-4096",,"ACM","https://doi.org/10.1145/3746027.3755310","2026-08-30"
"P052","10.1016/j.knosys.2024.111955","10.1016/j.knosys.2024.111955","journal-article","2024","Optimizing intrinsic representation for tracking","Knowledge-Based Systems","297","111955","111955","Elsevier BV","https://doi.org/10.1016/j.knosys.2024.111955","2026-08-30"
"P053","10.1109/iccv51070.2023.01870","10.1109/iccv51070.2023.01870","proceedings-article","2023","PlanarTrack: A Large-scale Challenging Benchmark for Planar Object Tracking","2023 IEEE/CVF International Conference on Computer Vision (ICCV)",,"20392-20401",,"IEEE","https://doi.org/10.1109/iccv51070.2023.01870","2026-08-30"
"P054","10.1109/tcsvt.2023.3294580","10.1109/tcsvt.2023.3294580","journal-article","2024","Positive-Sample-Free Object Tracking via a Soft Constraint","IEEE Transactions on Circuits and Systems for Video Technology","34","1364-1375",,"Institute of Electrical and Electronics Engineers (IEEE)","https://doi.org/10.1109/tcsvt.2023.3294580","2026-08-30"
"P055","10.3390/s24154802","10.3390/s24154802","journal-article","2024","Query-Based Object Visual Tracking with Parallel Sequence Generation","Sensors","24","4802",,"MDPI AG","https://doi.org/10.3390/s24154802","2026-08-30"
"P057","10.1109/iccv51070.2023.00879","10.1109/iccv51070.2023.00879","proceedings-article","2023","Robust Object Modeling for Visual Tracking","2023 IEEE/CVF International Conference on Computer Vision (ICCV)",,"9555-9566",,"IEEE","https://doi.org/10.1109/iccv51070.2023.00879","2026-08-30"
"P058","10.1145/3595916.3626410","10.1145/3595916.3626410","proceedings-article","2023","Robust Tracking via Unifying Pretrain-Finetuning and Visual Prompt Tuning","ACM Multimedia Asia 2023",,"1-7",,"ACM","https://doi.org/10.1145/3595916.3626410","2026-08-30"
"P060","10.1109/cvpr52729.2023.01400","10.1109/cvpr52729.2023.01400","proceedings-article","2023","SeqTrack: Sequence to Sequence Learning for Visual Object Tracking","2023 IEEE/CVF Conference on Computer Vision and Pattern Recognition (CVPR)",,"14572-14581",,"IEEE","https://doi.org/10.1109/cvpr52729.2023.01400","2026-08-30"
"P061","10.1109/tcsvt.2025.3569633","10.1109/tcsvt.2025.3569633","journal-article","2025","Siamese Visual Tracking With Multi-Parallel Interactive Transformers","IEEE Transactions on Circuits and Systems for Video Technology","35","10353-10366",,"Institute of Electrical and Electronics Engineers (IEEE)","https://doi.org/10.1109/tcsvt.2025.3569633","2026-08-30"
"P062","10.1109/access.2024.3482468","10.1109/access.2024.3482468","journal-article","2024","Sparse Transformer-Based Sequence Generation for Visual Object Tracking","IEEE Access","12","154418-154425",,"Institute of Electrical and Electronics Engineers (IEEE)","https://doi.org/10.1109/access.2024.3482468","2026-08-30"
"P065","10.1109/nnice64954.2025.11063785","10.1109/nnice64954.2025.11063785","proceedings-article","2025","Transformer-Based Tracker Fusing Two-Dimensional Semantic Features","2025 5th International Conference on Neural Networks, Information and Communication Engineering (NNICE)",,"627-632",,"IEEE","https://doi.org/10.1109/nnice64954.2025.11063785","2026-08-30"
"P066","10.1109/icip46576.2022.9897717","10.1109/icip46576.2022.9897717","proceedings-article","2022","Transformer Visual Tracker Based on Template Features Corresponding to Foreground Region","2022 IEEE International Conference on Image Processing (ICIP)",,"1091-1095",,"IEEE","https://doi.org/10.1109/icip46576.2022.9897717","2026-08-30"
"P069","10.1109/tcsvt.2024.3486347","10.1109/tcsvt.2024.3486347","journal-article","2025","Unifying Motion and Appearance Cues for Visual Tracking via Shared Queries","IEEE Transactions on Circuits and Systems for Video Technology","35","1987-1998",,"Institute of Electrical and Electronics Engineers (IEEE)","https://doi.org/10.1109/tcsvt.2024.3486347","2026-08-30"
"P070","10.1109/CVPR52729.2023.02186","10.1109/cvpr52729.2023.02186","proceedings-article","2023","VideoTrack: Learning to Track Objects via Video Transformer","2023 IEEE/CVF Conference on Computer Vision and Pattern Recognition (CVPR)",,"22826-22835",,"IEEE","https://doi.org/10.1109/cvpr52729.2023.02186","2026-08-30"
"P071","10.1016/j.neunet.2025.108197","10.1016/j.neunet.2025.108197","journal-article","2026","Visual tracking with unified relation modeling and masked appearance learning","Neural Networks","195","108197","108197","Elsevier BV","https://doi.org/10.1016/j.neunet.2025.108197","2026-08-30"
"P072","10.24963/ijcai.2025/215","10.24963/ijcai.2025/215","proceedings-article","2025","Wave-wise Discriminative Tracking by Phase-Amplitude Separation, Augmentation and Mixture","Proceedings of the Thirty-Fourth International Joint Conference on Artificial Intelligence",,"1927-1935",,"International Joint Conferences on Artificial Intelligence Organization","https://doi.org/10.24963/ijcai.2025/215","2026-08-30"
"P073","10.1109/tcsvt.2026.3662479","10.1109/tcsvt.2026.3662479","journal-article","2026","WmLSTM: A Plug-and-Play Window-Level mLSTM-Based Temporal Encoder for Robust Visual Tracking","IEEE Transactions on Circuits and Systems for Video Technology","36","9072-9086",,"Institute of Electrical and Electronics Engineers (IEEE)","https://doi.org/10.1109/tcsvt.2026.3662479","2026-08-30"
